Id,Category
0,1
1,10
2,7
3,1
4,6
5,9
6,1
7,6
8,1
9,1
10,1
11,1
12,4
13,10
14,4
15,9
16,1
17,9
18,3
19,1
20,1
21,2
22,1
23,1
24,1
25,1
26,10
27,7
28,2
29,1
30,2
31,5
32,1
33,1
34,4
35,1
36,4
37,1
38,10
39,1
40,6
41,1
42,1
43,6
44,5
45,1
46,6
47,7
48,10
49,9
50,6
51,1
52,1
53,1
54,9
55,1
56,7
57,1
58,9
59,6
60,2
61,6
62,7
63,1
64,6
65,1
66,1
67,1
68,1
69,1
70,4
71,6
72,4
73,1
74,4
75,6
76,9
77,1
78,3
79,4
80,1
81,1
82,4
83,1
84,1
85,1
86,6
87,9
88,6
89,6
90,5
91,4
92,1
93,5
94,6
95,6
96,1
97,1
98,6
99,10
100,1
101,1
102,7
103,5
104,6
105,1
106,6
107,6
108,6
109,6
110,2
111,4
112,1
113,1
114,7
115,6
116,6
117,9
118,1
119,1
120,1
121,9
122,9
123,6
124,1
125,5
126,9
127,4
128,6
129,9
130,1
131,1
132,1
133,1
134,1
135,1
136,1
137,10
138,7
139,1
140,1
141,4
142,10
143,5
144,1
145,6
146,1
147,4
148,6
149,4
150,4
151,9
152,6
153,3
154,1
155,1
156,1
157,1
158,7
159,1
160,6
161,1
162,2
163,4
164,4
165,1
166,1
167,6
168,1
169,6
170,10
171,1
172,1
173,6
174,9
175,1
176,1
177,10
178,7
179,1
180,1
181,1
182,9
183,6
184,10
185,9
186,1
187,1
188,1
189,6
190,1
191,1
192,1
193,1
194,6
195,6
196,1
197,6
198,7
199,1
200,1
201,10
202,4
203,1
204,1
205,9
206,1
207,9
208,10
209,7
210,9
211,5
212,10
213,1
214,9
215,6
216,10
217,1
218,7
219,1
220,5
221,5
222,10
223,7
224,4
225,4
226,1
227,7
228,6
229,1
230,9
231,1
232,1
233,1
234,1
235,1
236,6
237,10
238,1
239,6
240,4
241,1
242,9
243,9
244,1
245,1
246,9
247,1
248,1
249,9
250,1
251,1
252,9
253,1
254,4
255,9
256,1
257,1
258,1
259,1
260,3
261,1
262,6
263,10
264,4
265,6
266,1
267,1
268,1
269,6
270,1
271,1
272,3
273,6
274,6
275,1
276,6
277,1
278,1
279,9
280,1
281,1
282,1
283,1
284,10
285,1
286,1
287,1
288,1
289,10
290,6
291,7
292,1
293,6
294,1
295,7
296,1
297,6
298,1
299,6
300,1
301,5
302,6
303,1
304,6
305,10
306,5
307,1
308,6
309,1
310,1
311,9
312,1
313,6
314,9
315,6
316,1
317,1
318,6
319,1
320,1
321,2
322,1
323,1
324,9
325,1
326,8
327,1
328,10
329,4
330,1
331,1
332,10
333,4
334,1
335,1
336,1
337,1
338,6
339,10
340,4
341,4
342,4
343,1
344,9
345,6
346,9
347,6
348,9
349,1
350,6
351,6
352,6
353,10
354,6
355,1
356,1
357,10
358,10
359,6
360,1
361,4
362,10
363,4
364,1
365,10
366,4
367,1
368,1
369,9
370,4
371,6
372,9
373,6
374,1
375,1
376,5
377,6
378,1
379,5
380,10
381,7
382,4
383,1
384,6
385,6
386,9
387,10
388,10
389,1
390,9
391,1
392,10
393,3
394,1
395,1
396,6
397,1
398,10
399,1
400,1
401,1
402,9
403,6
404,6
405,1
406,7
407,6
408,4
409,9
410,4
411,6
412,6
413,1
414,1
415,9
416,4
417,6
418,1
419,1
420,6
421,6
422,5
423,6
424,1
425,1
426,10
427,4
428,1
429,1
430,9
431,1
432,6
433,7
434,1
435,1
436,6
437,6
438,1
439,1
440,10
441,1
442,1
443,1
444,5
445,1
446,4
447,6
448,1
449,1
450,9
451,1
452,9
453,1
454,6
455,6
456,6
457,9
458,1
459,7
460,7
461,1
462,10
463,6
464,1
465,1
466,6
467,1
468,9
469,9
470,5
471,1
472,1
473,1
474,6
475,6
476,9
477,2
478,1
479,1
480,1
481,9
482,1
483,9
484,10
485,4
486,1
487,1
488,4
489,1
490,1
491,4
492,1
493,1
494,2
495,1
496,9
497,1
498,1
499,10
500,1
501,1
502,4
503,1
504,1
505,7
506,9
507,6
508,10
509,6
510,1
511,1
512,6
513,6
514,9
515,5
516,6
517,1
518,1
519,7
520,1
521,1
522,1
523,1
524,1
525,2
526,7
527,1
528,7
529,9
530,9
531,1
532,9
533,1
534,1
535,10
536,1
537,4
538,1
539,4
540,1
541,9
542,10
543,1
544,1
545,1
546,1
547,6
548,1
549,6
550,1
551,1
552,1
553,6
554,6
555,1
556,1
557,1
558,6
559,5
560,7
561,1
562,6
563,1
564,9
565,9
566,4
567,1
568,10
569,1
570,4
571,1
572,1
573,4
574,1
575,9
576,1
577,1
578,1
579,1
580,1
581,9
582,5
583,9
584,1
585,10
586,2
587,1
588,1
589,1
590,1
591,1
592,4
593,6
594,1
595,6
596,6
597,1
598,6
599,1
600,4
601,10
602,1
603,6
604,1
605,6
606,6
607,4
608,1
609,1
610,6
611,9
612,7
613,6
614,9
615,10
616,10
617,6
618,6
619,9
620,1
621,1
622,9
623,6
624,9
625,1
626,1
627,1
628,1
629,1
630,1
631,1
632,6
633,1
634,6
635,1
636,1
637,1
638,10
639,9
640,6
641,1
642,9
643,1
644,1
645,9
646,6
647,1
648,9
649,1
650,1
651,10
652,1
653,4
654,1
655,4
656,1
657,6
658,1
659,9
660,1
661,10
662,1
663,6
664,1
665,1
666,6
667,6
668,6
669,6
670,1
671,1
672,1
673,7
674,6
675,9
676,1
677,1
678,4
679,1
680,1
681,9
682,5
683,9
684,1
685,6
686,7
687,6
688,1
689,1
690,2
691,1
692,1
693,4
694,9
695,1
696,1
697,6
698,6
699,1
700,1
701,9
702,6
703,6
704,1
705,10
706,6
707,1
708,1
709,6
710,6
711,5
712,10
713,1
714,6
715,1
716,9
717,7
718,1
719,9
720,10
721,6
722,6
723,10
724,1
725,6
726,10
727,1
728,4
729,1
730,1
731,1
732,1
733,1
734,9
735,1
736,1
737,6
738,9
739,7
740,1
741,1
742,1
743,1
744,1
745,2
746,1
747,1
748,7
749,9
750,4
751,1
752,1
753,4
754,2
755,6
756,1
757,6
758,6
759,4
760,6
761,4
762,6
763,1
764,1
765,1
766,1
767,1
768,4
769,6
770,1
771,9
772,1
773,1
774,10
775,1
776,1
777,4
778,10
779,7
780,6
781,1
782,1
783,10
784,1
785,6
786,9
787,6
788,1
789,6
790,6
791,10
792,1
793,1
794,1
795,1
796,9
797,1
798,4
799,1
800,9
801,1
802,1
803,10
804,9
805,1
806,10
807,6
808,10
809,6
810,9
811,9
812,1
813,1
814,6
815,1
816,2
817,1
818,1
819,1
820,6
821,1
822,9
823,10
824,1
825,1
826,9
827,1
828,4
829,6
830,9
831,9
832,1
833,1
834,1
835,9
836,1
837,9
838,1
839,1
840,9
841,1
842,6
843,1
844,1
845,1
846,1
847,6
848,1
849,1
850,6
851,1
852,6
853,1
854,10
855,6
856,10
857,10
858,1
859,5
860,1
861,1
862,6
863,1
864,1
865,6
866,1
867,6
868,6
869,4
870,1
871,1
872,4
873,1
874,9
875,1
876,1
877,9
878,1
879,10
880,1
881,4
882,1
883,9
884,4
885,10
886,7
887,6
888,6
889,6
890,9
891,1
892,6
893,4
894,1
895,2
896,1
897,4
898,9
899,1
900,6
901,6
902,7
903,1
904,4
905,1
906,1
907,4
908,1
909,6
910,10
911,1
912,4
913,1
914,6
915,1
916,9
917,1
918,1
919,6
920,9
921,9
922,1
923,1
924,9
925,4
926,1
927,1
928,6
929,10
930,1
931,4
932,1
933,6
934,6
935,5
936,1
937,1
938,9
939,9
940,1
941,1
942,1
943,10
944,1
945,10
946,9
947,1
948,1
949,1
950,6
951,1
952,1
953,9
954,1
955,1
956,9
957,9
958,7
959,4
960,1
961,1
962,1
963,7
964,4
965,7
966,4
967,5
968,1
969,9
970,6
971,9
972,2
973,1
974,1
975,10
976,1
977,4
978,1
979,1
980,1
981,1
982,7
983,1
984,3
985,1
986,10
987,5
988,7
989,1
990,5
991,1
992,1
993,1
994,1
995,6
996,1
997,1
998,1
999,9
1000,7
1001,1
1002,10
1003,6
1004,1
1005,1
1006,1
1007,1
1008,1
1009,1
1010,1
1011,1
1012,6
1013,7
1014,9
1015,10
1016,6
1017,3
1018,1
1019,6
1020,10
1021,9
1022,9
1023,1
1024,1
1025,1
1026,10
1027,1
1028,4
1029,1
1030,1
1031,9
1032,6
1033,6
1034,1
1035,7
1036,7
1037,3
1038,10
1039,1
1040,1
1041,1
1042,1
1043,1
1044,1
1045,9
1046,1
1047,4
1048,6
1049,4
1050,1
1051,9
1052,9
1053,6
1054,6
1055,4
1056,4
1057,9
1058,1
1059,9
1060,10
1061,6
1062,5
1063,10
1064,1
1065,1
1066,1
1067,6
1068,9
1069,6
1070,1
1071,1
1072,1
1073,5
1074,10
1075,1
1076,6
1077,6
1078,1
1079,10
1080,2
1081,5
1082,1
1083,6
1084,1
1085,1
1086,7
1087,6
1088,1
1089,1
1090,1
1091,6
1092,1
1093,9
1094,9
1095,1
1096,10
1097,1
1098,9
1099,1
1100,1
1101,1
1102,7
1103,6
1104,6
1105,1
1106,1
1107,6
1108,1
1109,1
1110,1
1111,1
1112,4
1113,5
1114,1
1115,1
1116,9
1117,1
1118,9
1119,6
1120,0
1121,1
1122,1
1123,1
1124,1
1125,1
1126,9
1127,1
1128,1
1129,9
1130,2
1131,9
1132,1
1133,1
1134,6
1135,1
1136,6
1137,6
1138,1
1139,1
1140,1
1141,1
1142,7
1143,2
1144,1
1145,7
1146,9
1147,10
1148,1
1149,6
1150,1
1151,1
1152,1
1153,6
1154,1
1155,1
1156,4
1157,6
1158,1
1159,1
1160,6
1161,1
1162,1
1163,6
1164,6
1165,2
1166,1
1167,6
1168,6
1169,1
1170,9
1171,4
1172,7
1173,1
1174,6
1175,1
1176,10
1177,4
1178,1
1179,9
1180,1
1181,7
1182,4
1183,1
1184,1
1185,1
1186,1
1187,1
1188,4
1189,6
1190,1
1191,7
1192,1
1193,4
1194,1
1195,1
1196,6
1197,4
1198,9
1199,1
1200,2
1201,6
1202,1
1203,1
1204,1
1205,6
1206,7
1207,9
1208,3
1209,1
1210,1
1211,10
1212,5
1213,10
1214,4
1215,1
1216,6
1217,6
1218,6
1219,1
1220,10
1221,5
1222,9
1223,1
1224,1
1225,10
1226,1
1227,1
1228,1
1229,9
1230,9
1231,6
1232,6
1233,6
1234,6
1235,1
1236,1
1237,9
1238,6
1239,1
1240,4
1241,9
1242,4
1243,1
1244,9
1245,1
1246,1
1247,4
1248,9
1249,10
1250,6
1251,1
1252,10
1253,4
1254,4
1255,7
1256,4
1257,10
1258,5
1259,1
1260,1
1261,1
1262,1
1263,7
1264,4
1265,1
1266,5
1267,10
1268,10
1269,1
1270,2
1271,1
1272,1
1273,9
1274,1
1275,1
1276,4
1277,6
1278,1
1279,1
1280,1
1281,1
1282,1
1283,4
1284,1
1285,9
1286,1
1287,1
1288,10
1289,1
1290,4
1291,1
1292,1
1293,1
1294,9
1295,9
1296,1
1297,9
1298,1
1299,6
1300,9
1301,1
1302,1
1303,4
1304,7
1305,1
1306,1
1307,1
1308,1
1309,1
1310,7
1311,1
1312,1
1313,1
1314,6
1315,1
1316,1
1317,1
1318,4
1319,10
1320,1
1321,6
1322,1
1323,1
1324,3
1325,5
1326,1
1327,4
1328,9
1329,1
1330,10
1331,9
1332,1
1333,1
1334,5
1335,6
1336,1
1337,1
1338,6
1339,1
1340,10
1341,1
1342,9
1343,1
1344,1
1345,1
1346,7
1347,1
1348,1
1349,10
1350,3
1351,5
1352,1
1353,1
1354,10
1355,1
1356,1
1357,9
1358,1
1359,1
1360,9
1361,4
1362,1
1363,9
1364,6
1365,1
1366,6
1367,4
1368,1
1369,1
1370,4
1371,6
1372,6
1373,1
1374,1
1375,6
1376,10
1377,1
1378,1
1379,7
1380,7
1381,1
1382,4
1383,10
1384,6
1385,4
1386,1
1387,9
1388,6
1389,4
1390,10
1391,6
1392,1
1393,4
1394,1
1395,9
1396,10
1397,1
1398,10
1399,9
1400,1
1401,9
1402,9
1403,5
1404,1
1405,4
1406,10
1407,6
1408,1
1409,1
1410,1
1411,9
1412,7
1413,1
1414,1
1415,5
1416,6
1417,9
1418,1
1419,6
1420,7
1421,1
1422,1
1423,1
1424,6
1425,1
1426,6
1427,10
1428,1
1429,2
1430,2
1431,6
1432,4
1433,4
1434,1
1435,6
1436,5
1437,1
1438,6
1439,1
1440,6
1441,1
1442,4
1443,1
1444,10
1445,1
1446,1
1447,9
1448,1
1449,4
1450,9
1451,6
1452,6
1453,9
1454,1
1455,1
1456,1
1457,4
1458,9
1459,9
1460,4
1461,1
1462,1
1463,1
1464,1
1465,6
1466,1
1467,6
1468,1
1469,1
1470,1
1471,1
1472,4
1473,1
1474,7
1475,7
1476,9
1477,10
1478,9
1479,4
1480,1
1481,6
1482,9
1483,9
1484,1
1485,1
1486,6
1487,1
1488,1
1489,7
1490,1
1491,1
1492,1
1493,1
1494,10
1495,7
1496,1
1497,1
1498,9
1499,6
1500,6
1501,1
1502,1
1503,9
1504,9
1505,1
1506,4
1507,1
1508,1
1509,6
1510,1
1511,6
1512,1
1513,1
1514,5
1515,1
1516,6
1517,5
1518,1
1519,1
1520,10
1521,1
1522,9
1523,4
1524,6
1525,4
1526,1
1527,9
1528,4
1529,1
1530,6
1531,1
1532,1
1533,6
1534,6
1535,1
1536,7
1537,10
1538,1
1539,9
1540,6
1541,7
1542,6
1543,1
1544,9
1545,10
1546,1
1547,1
1548,6
1549,6
1550,1
1551,1
1552,1
1553,9
1554,6
1555,1
1556,9
1557,9
1558,6
1559,1
1560,6
1561,1
1562,1
1563,9
1564,1
1565,1
1566,4
1567,1
1568,1
1569,4
1570,1
1571,1
1572,10
1573,1
1574,6
1575,9
1576,1
1577,1
1578,9
1579,1
1580,6
1581,9
1582,1
1583,6
1584,10
1585,1
1586,6
1587,5
1588,4
1589,1
1590,1
1591,10
1592,7
1593,10
1594,9
1595,1
1596,10
1597,10
1598,1
1599,10
1600,1
1601,9
1602,9
1603,1
1604,3
1605,10
1606,9
1607,1
1608,1
1609,1
1610,9
1611,1
1612,1
1613,6
1614,6
1615,9
1616,1
1617,10
1618,1
1619,1
1620,6
1621,1
1622,1
1623,1
1624,10
1625,1
1626,3
1627,1
1628,6
1629,1
1630,1
1631,1
1632,1
1633,1
1634,1
1635,1
1636,1
1637,7
1638,4
1639,1
1640,4
1641,1
1642,4
1643,1
1644,6
1645,1
1646,1
1647,1
1648,6
1649,6
1650,6
1651,1
1652,1
1653,1
1654,6
1655,1
1656,1
1657,7
1658,4
1659,1
1660,1
1661,6
1662,1
1663,5
1664,6
1665,6
1666,6
1667,1
1668,1
1669,1
1670,9
1671,6
1672,6
1673,1
1674,1
1675,6
1676,1
1677,7
1678,4
1679,1
1680,1
1681,9
1682,4
1683,1
1684,5
1685,4
1686,1
1687,9
1688,1
1689,1
1690,1
1691,1
1692,4
1693,9
1694,5
1695,1
1696,1
1697,2
1698,1
1699,6
1700,6
1701,9
1702,4
1703,9
1704,1
1705,1
1706,7
1707,10
1708,9
1709,1
1710,4
1711,10
1712,5
1713,6
1714,1
1715,1
1716,9
1717,4
1718,1
1719,4
1720,1
1721,1
1722,9
1723,6
1724,1
1725,1
1726,1
1727,10
1728,1
1729,1
1730,1
1731,1
1732,1
1733,5
1734,1
1735,9
1736,1
1737,10
1738,1
1739,6
1740,4
1741,1
1742,1
1743,1
1744,1
1745,1
1746,7
1747,9
1748,7
1749,9
1750,1
1751,1
1752,1
1753,1
1754,1
1755,4
1756,1
1757,1
1758,6
1759,1
1760,9
1761,6
1762,1
1763,6
1764,1
1765,1
1766,1
1767,5
1768,9
1769,5
1770,5
1771,10
1772,10
1773,4
1774,1
1775,6
1776,6
1777,4
1778,1
1779,1
1780,1
1781,1
1782,4
1783,1
1784,7
1785,1
1786,1
1787,1
1788,1
1789,3
1790,1
1791,1
1792,4
1793,1
1794,6
1795,1
1796,1
1797,1
1798,9
1799,1
1800,1
1801,1
1802,6
1803,6
1804,9
1805,1
1806,6
1807,5
1808,1
1809,1
1810,6
1811,6
1812,1
1813,1
1814,10
1815,1
1816,1
1817,6
1818,1
1819,1
1820,1
1821,10
1822,4
1823,1
1824,1
1825,1
1826,1
1827,1
1828,1
1829,6
1830,9
1831,1
1832,9
1833,6
1834,6
1835,1
1836,10
1837,1
1838,7
1839,1
1840,1
1841,6
1842,9
1843,1
1844,6
1845,9
1846,1
1847,6
1848,1
1849,1
1850,1
1851,1
1852,1
1853,6
1854,7
1855,1
1856,10
1857,6
1858,1
1859,9
1860,10
1861,1
1862,1
1863,1
1864,1
1865,1
1866,1
1867,1
1868,1
1869,1
1870,1
1871,10
1872,9
1873,1
1874,9
1875,10
1876,6
1877,9
1878,6
1879,6
1880,1
1881,1
1882,5
1883,1
1884,6
1885,1
1886,6
1887,6
1888,9
1889,1
1890,9
1891,1
1892,1
1893,1
1894,1
1895,1
1896,7
1897,1
1898,1
1899,6
1900,4
1901,1
1902,1
1903,6
1904,10
1905,1
1906,6
1907,4
1908,1
1909,6
1910,10
1911,7
1912,1
1913,1
1914,6
1915,1
1916,9
1917,1
1918,1
1919,2
1920,1
1921,1
1922,10
1923,9
1924,9
1925,1
1926,6
1927,1
1928,4
1929,1
1930,4
1931,6
1932,1
1933,1
1934,1
1935,6
1936,10
1937,9
1938,7
1939,1
1940,6
1941,1
1942,9
1943,6
1944,9
1945,1
1946,6
1947,1
1948,6
1949,5
1950,1
1951,5
1952,7
1953,9
1954,6
1955,1
1956,1
1957,1
1958,4
1959,10
1960,6
1961,10
1962,1
1963,1
1964,1
1965,7
1966,5
1967,1
1968,3
1969,1
1970,6
1971,9
1972,1
1973,1
1974,7
1975,1
1976,1
1977,10
1978,1
1979,6
1980,4
1981,1
1982,1
1983,9
1984,1
1985,1
1986,9
1987,9
1988,1
1989,7
1990,1
1991,1
1992,10
1993,1
1994,6
1995,7
1996,1
1997,4
1998,1
1999,1
2000,4
2001,6
2002,1
2003,4
2004,6
2005,1
2006,1
2007,9
2008,9
2009,2
2010,1
2011,1
2012,1
2013,4
2014,7
2015,1
2016,6
2017,1
2018,6
2019,1
2020,1
2021,7
2022,1
2023,4
2024,9
2025,9
2026,1
2027,1
2028,6
2029,6
2030,1
2031,7
2032,10
2033,6
2034,2
2035,1
2036,4
2037,1
2038,4
2039,1
2040,1
2041,1
2042,1
2043,1
2044,1
2045,4
2046,1
2047,1
2048,4
2049,1
2050,1
2051,1
2052,1
2053,7
2054,9
2055,4
2056,1
2057,1
2058,1
2059,4
2060,9
2061,1
2062,10
2063,1
2064,7
2065,1
2066,10
2067,6
2068,1
2069,1
2070,1
2071,1
2072,5
2073,1
2074,9
2075,10
2076,10
2077,4
2078,6
2079,1
2080,1
2081,6
2082,4
2083,0
2084,2
2085,5
2086,9
2087,5
2088,1
2089,1
2090,6
2091,1
2092,1
2093,1
2094,6
2095,6
2096,4
2097,4
2098,1
2099,10
2100,1
2101,5
2102,1
2103,5
2104,1
2105,1
2106,1
2107,7
2108,10
2109,1
2110,9
2111,1
2112,1
2113,6
2114,1
2115,7
2116,9
2117,1
2118,10
2119,10
2120,1
2121,9
2122,1
2123,6
2124,1
2125,1
2126,4
2127,6
2128,7
2129,10
2130,9
2131,1
2132,1
2133,10
2134,1
2135,1
2136,1
2137,1
2138,6
2139,1
2140,10
2141,9
2142,4
2143,1
2144,6
2145,4
2146,9
2147,1
2148,9
2149,1
2150,1
2151,1
2152,7
2153,7
2154,7
2155,7
2156,10
2157,1
2158,10
2159,4
2160,7
2161,1
2162,9
2163,1
2164,10
2165,9
2166,1
2167,10
2168,1
2169,9
2170,1
2171,7
2172,9
2173,6
2174,4
2175,9
2176,1
2177,1
2178,1
2179,7
2180,1
2181,4
2182,1
2183,4
2184,9
2185,1
2186,9
2187,1
2188,9
2189,1
2190,10
2191,1
2192,4
2193,1
2194,1
2195,1
2196,9
2197,1
2198,7
2199,9
2200,6
2201,6
2202,1
2203,6
2204,1
2205,6
2206,1
2207,1
2208,1
2209,2
2210,1
2211,1
2212,1
2213,9
2214,10
2215,6
2216,6
2217,6
2218,7
2219,1
2220,1
2221,6
2222,6
2223,1
2224,1
2225,1
2226,1
2227,9
2228,1
2229,1
2230,6
2231,1
2232,1
2233,1
2234,1
2235,6
2236,10
2237,9
2238,6
2239,6
2240,10
2241,1
2242,9
2243,6
2244,6
2245,1
2246,1
2247,4
2248,5
2249,1
2250,1
2251,1
2252,9
2253,1
2254,10
2255,1
2256,9
2257,6
2258,1
2259,1
2260,6
2261,6
2262,6
2263,6
2264,10
2265,9
2266,10
2267,6
2268,1
2269,1
2270,7
2271,9
2272,10
2273,1
2274,9
2275,1
2276,1
2277,9
2278,6
2279,3
2280,1
2281,1
2282,1
2283,1
2284,1
2285,1
2286,1
2287,9
2288,6
2289,1
2290,2
2291,1
2292,6
2293,1
2294,1
2295,10
2296,1
2297,1
2298,1
2299,2
2300,1
2301,6
2302,1
2303,6
2304,9
2305,1
2306,1
2307,1
2308,10
2309,1
2310,4
2311,1
2312,10
2313,1
2314,1
2315,7
2316,5
2317,1
2318,1
2319,9
2320,1
2321,2
2322,1
2323,1
2324,7
2325,1
2326,1
2327,1
2328,1
2329,9
2330,7
2331,1
2332,6
2333,1
2334,4
2335,1
2336,6
2337,1
2338,1
2339,7
2340,1
2341,6
2342,4
2343,1
2344,6
2345,1
2346,6
2347,1
2348,4
2349,1
2350,9
2351,1
2352,1
2353,6
2354,6
2355,9
2356,9
2357,6
2358,1
2359,1
2360,9
2361,7
2362,1
2363,4
2364,1
2365,1
2366,1
2367,6
2368,6
2369,1
2370,2
2371,1
2372,6
2373,1
2374,4
2375,1
2376,1
2377,6
2378,6
2379,2
2380,1
2381,1
2382,1
2383,6
2384,10
2385,6
2386,6
2387,9
2388,1
2389,1
2390,1
2391,6
2392,7
2393,1
2394,1
2395,5
2396,9
2397,1
2398,6
2399,9
2400,4
2401,1
2402,1
2403,7
2404,1
2405,6
2406,4
2407,6
2408,9
2409,1
2410,1
2411,1
2412,1
2413,4
2414,1
2415,1
2416,0
2417,9
2418,1
2419,1
2420,4
2421,1
2422,10
2423,7
2424,10
2425,1
2426,6
2427,6
2428,9
2429,6
2430,6
2431,6
2432,1
2433,9
2434,5
2435,1
2436,4
2437,1
2438,1
2439,9
2440,7
2441,6
2442,1
2443,6
2444,9
2445,1
2446,1
2447,5
2448,1
2449,6
2450,6
2451,6
2452,9
2453,7
2454,9
2455,7
2456,1
2457,10
2458,6
2459,1
2460,10
2461,1
2462,10
2463,1
2464,1
2465,1
2466,9
2467,7
2468,1
2469,1
2470,1
2471,9
2472,6
2473,7
2474,1
2475,1
2476,1
2477,4
2478,10
2479,1
2480,9
2481,4
2482,1
2483,1
2484,10
2485,1
2486,2
2487,1
2488,1
2489,9
2490,9
2491,9
2492,6
2493,6
2494,9
2495,6
2496,9
2497,1
2498,1
2499,2
2500,9
2501,1
2502,4
2503,5
2504,1
2505,1
2506,1
2507,1
2508,1
2509,6
2510,10
2511,1
2512,1
2513,6
2514,9
2515,9
2516,6
2517,6
2518,1
2519,1
2520,1
2521,4
2522,1
2523,1
2524,9
2525,1
2526,9
2527,1
2528,9
2529,9
2530,1
2531,6
2532,4
2533,5
2534,10
2535,9
2536,1
2537,6
2538,1
2539,1
2540,7
2541,1
2542,1
2543,2
2544,1
2545,1
2546,9
2547,1
2548,1
2549,10
2550,7
2551,6
2552,10
2553,1
2554,4
2555,1
2556,1
2557,1
2558,6
2559,1
2560,4
2561,1
2562,1
2563,1
2564,9
2565,1
2566,1
2567,6
2568,1
2569,4
2570,2
2571,10
2572,6
2573,10
2574,1
2575,1
2576,6
2577,1
2578,10
2579,1
2580,9
2581,1
2582,1
2583,1
2584,10
2585,1
2586,1
2587,9
2588,1
2589,1
2590,4
2591,9
2592,9
2593,1
2594,1
2595,10
2596,1
2597,1
2598,1
2599,1
2600,7
2601,9
2602,1
2603,6
2604,1
2605,1
2606,1
2607,1
2608,1
2609,6
2610,1
2611,9
2612,9
2613,9
2614,1
2615,6
2616,1
2617,1
2618,4
2619,1
2620,1
2621,10
2622,10
2623,7
2624,1
2625,6
2626,9
2627,1
2628,1
2629,1
2630,1
2631,1
2632,4
2633,1
2634,4
2635,1
2636,4
2637,9
2638,1
2639,6
2640,1
2641,5
2642,4
2643,9
2644,6
2645,1
2646,4
2647,1
2648,1
2649,1
2650,7
2651,7
2652,1
2653,1
2654,1
2655,10
2656,6
2657,7
2658,9
2659,1
2660,1
2661,7
2662,4
2663,1
2664,9
2665,6
2666,1
2667,10
2668,1
2669,6
2670,6
2671,1
2672,10
2673,3
2674,9
2675,4
2676,1
2677,1
2678,9
2679,6
2680,4
2681,1
2682,10
2683,1
2684,4
2685,1
2686,6
2687,2
2688,1
2689,7
2690,6
2691,10
2692,1
2693,1
2694,1
2695,3
2696,1
2697,1
2698,9
2699,10
2700,1
2701,10
2702,6
2703,1
2704,6
2705,1
2706,1
2707,1
2708,7
2709,6
2710,4
2711,9
2712,3
2713,6
2714,10
2715,9
2716,1
2717,9
2718,1
2719,4
2720,6
2721,10
2722,4
2723,6
2724,6
2725,4
2726,1
2727,4
2728,1
2729,6
2730,2
2731,9
2732,1
2733,9
2734,9
2735,7
2736,1
2737,10
2738,1
2739,1
2740,7
2741,1
2742,6
2743,5
2744,1
2745,1
2746,6
2747,9
2748,10
2749,1
2750,4
2751,1
2752,4
2753,1
2754,4
2755,3
2756,6
2757,5
2758,1
2759,10
2760,1
2761,1
2762,6
2763,1
2764,6
2765,9
2766,7
2767,9
2768,10
2769,9
2770,1
2771,9
2772,6
2773,7
2774,1
2775,6
2776,4
2777,1
2778,1
2779,9
2780,10
2781,1
2782,1
2783,4
2784,6
2785,1
2786,1
2787,1
2788,7
2789,9
2790,6
2791,6
2792,4
2793,7
2794,1
2795,1
2796,4
2797,1
2798,10
2799,1
2800,3
2801,1
2802,1
2803,9
2804,6
2805,1
2806,10
2807,6
2808,5
2809,1
2810,1
2811,5
2812,6
2813,1
2814,2
2815,7
2816,9
2817,9
2818,9
2819,1
2820,4
2821,1
2822,1
2823,4
2824,1
2825,4
2826,1
2827,9
2828,1
2829,1
2830,1
2831,1
2832,6
2833,9
2834,10
2835,1
2836,1
2837,9
2838,9
2839,1
2840,9
2841,6
2842,4
2843,9
2844,1
2845,1
2846,1
2847,9
2848,4
2849,5
2850,1
2851,1
2852,6
2853,1
2854,6
2855,6
2856,10
2857,6
2858,10
2859,9
2860,1
2861,9
2862,1
2863,4
2864,4
2865,5
2866,10
2867,1
2868,1
2869,2
2870,9
2871,6
2872,4
2873,1
2874,1
2875,1
2876,10
2877,9
2878,1
2879,6
2880,1
2881,1
2882,7
2883,6
2884,4
2885,9
2886,1
2887,1
2888,10
2889,10
2890,9
2891,1
2892,1
2893,1
2894,1
2895,1
2896,9
2897,1
2898,1
2899,2
2900,1
2901,10
2902,1
2903,1
2904,9
2905,9
2906,6
2907,10
2908,6
2909,1
2910,9
2911,5
2912,4
2913,4
2914,9
2915,1
2916,1
2917,1
2918,1
2919,9
2920,6
2921,1
2922,6
2923,1
2924,1
2925,1
2926,1
2927,1
2928,9
2929,1
2930,6
2931,1
2932,1
2933,9
2934,7
2935,1
2936,1
2937,6
2938,6
2939,1
2940,1
2941,9
2942,5
2943,1
2944,6
2945,1
2946,6
2947,1
2948,6
2949,4
2950,6
2951,1
2952,9
2953,7
2954,1
2955,1
2956,1
2957,10
2958,1
2959,1
2960,4
2961,9
2962,7
2963,6
2964,1
2965,9
2966,1
2967,9
2968,1
2969,1
2970,6
2971,9
2972,6
2973,9
2974,4
2975,6
2976,4
2977,1
2978,10
2979,4
2980,9
2981,1
2982,4
2983,7
2984,1
2985,1
2986,1
2987,1
2988,9
2989,1
2990,10
2991,9
2992,5
2993,1
2994,4
2995,1
2996,1
2997,0
2998,6
2999,4
3000,1
3001,1
3002,1
3003,5
3004,1
3005,6
3006,10
3007,1
3008,9
3009,7
3010,6
3011,1
3012,6
3013,1
3014,3
3015,1
3016,1
3017,9
3018,6
3019,5
3020,1
3021,1
3022,5
3023,7
3024,6
3025,4
3026,7
3027,2
3028,6
3029,7
3030,6
3031,1
3032,9
3033,1
3034,1
3035,3
3036,1
3037,3
3038,10
3039,4
3040,1
3041,7
3042,10
3043,1
3044,1
3045,1
3046,9
3047,1
3048,1
3049,4
3050,1
3051,9
3052,1
3053,10
3054,6
3055,1
3056,1
3057,1
3058,1
3059,10
3060,5
3061,1
3062,10
3063,9
3064,6
3065,1
3066,7
3067,6
3068,10
3069,5
3070,7
3071,1
3072,7
3073,4
3074,6
3075,1
3076,4
3077,1
3078,9
3079,1
3080,1
3081,10
3082,1
3083,1
3084,6
3085,1
3086,4
3087,1
3088,6
3089,9
3090,1
3091,6
3092,6
3093,5
3094,6
3095,9
3096,9
3097,4
3098,9
3099,9
3100,1
3101,4
3102,7
3103,1
3104,1
3105,1
3106,1
3107,7
3108,1
3109,4
3110,6
3111,10
3112,9
3113,6
3114,9
3115,9
3116,1
3117,1
3118,1
3119,1
3120,4
3121,4
3122,2
3123,1
3124,1
3125,1
3126,1
3127,5
3128,1
3129,4
3130,6
3131,5
3132,4
3133,6
3134,5
3135,1
3136,7
3137,4
3138,1
3139,4
3140,1
3141,7
3142,6
3143,9
3144,10
3145,1
3146,1
3147,10
3148,5
3149,1
3150,6
3151,1
3152,10
3153,1
3154,9
3155,1
3156,6
3157,1
3158,4
3159,1
3160,1
3161,1
3162,6
3163,10
3164,9
3165,6
3166,1
3167,1
3168,1
3169,6
3170,10
3171,6
3172,4
3173,7
3174,1
3175,6
3176,10
3177,6
3178,9
3179,1
3180,6
3181,7
3182,6
3183,7
3184,1
3185,1
3186,9
3187,1
3188,1
3189,1
3190,9
3191,1
3192,1
3193,9
3194,1
3195,1
3196,6
3197,9
3198,7
3199,1
3200,10
3201,1
3202,10
3203,9
3204,7
3205,10
3206,7
3207,4
3208,0
3209,1
3210,6
3211,1
3212,1
3213,1
3214,7
3215,9
3216,1
3217,1
3218,6
3219,6
3220,4
3221,4
3222,9
3223,1
3224,1
3225,1
3226,1
3227,9
3228,1
3229,7
3230,1
3231,1
3232,6
3233,4
3234,1
3235,9
3236,9
3237,1
3238,1
3239,4
3240,1
3241,10
3242,9
3243,1
3244,1
3245,1
3246,6
3247,1
3248,6
3249,6
3250,10
3251,6
3252,1
3253,1
3254,1
3255,6
3256,6
3257,4
3258,5
3259,4
3260,4
3261,4
3262,1
3263,6
3264,6
3265,6
3266,6
3267,1
3268,6
3269,1
3270,5
3271,4
3272,1
3273,6
3274,1
3275,1
3276,6
3277,1
3278,9
3279,9
3280,1
3281,7
3282,1
3283,1
3284,6
3285,1
3286,1
3287,1
3288,9
3289,1
3290,1
3291,9
3292,10
3293,1
3294,10
3295,1
3296,6
3297,1
3298,9
3299,1
3300,1
3301,9
3302,1
3303,6
3304,10
3305,1
3306,1
3307,1
3308,1
3309,1
3310,1
3311,1
3312,1
3313,1
3314,1
3315,4
3316,1
3317,6
3318,1
3319,1
3320,1
3321,9
3322,1
3323,1
3324,1
3325,1
3326,6
3327,1
3328,3
3329,7
3330,10
3331,1
3332,6
3333,1
3334,6
3335,2
3336,1
3337,10
3338,1
3339,5
3340,1
3341,6
3342,4
3343,7
3344,6
3345,9
3346,9
